,word
35,about
45,other
56,which
57,their
62,there
82,first
85,would
92,these
93,click
100,price
110,state
114,email
118,world
128,music
149,after
155,video
158,where
162,books
168,links
171,years
172,order
176,items
180,group
189,under
201,games
207,could
208,great
210,hotel
218,store
228,terms
233,right
236,local
237,those
238,using
254,phone
260,forum
264,based
270,black
271,check
275,index
276,being
277,women
283,today
285,south
289,pages
294,found
296,house
303,photo
306,power
307,while
313,three
314,total
315,place
324,think
325,north
328,posts
330,media
333,water
339,since
341,guide
344,board
347,white
349,small
361,times
362,sites
363,level
374,hours
375,image
377,title
385,shall
387,class
389,still
390,money
392,every
398,visit
400,tools
402,reply
409,value
421,press
423,learn
426,print
433,stock
437,point
444,sales
461,large
463,table
473,start
475,model
480,human
489,movie
491,march
498,yahoo
499,going
507,study
510,staff
514,again
518,april
519,never
520,users
523,topic
532,below
537,party
540,login
545,legal
546,above
560,quote
562,story
566,rates
570,young
573,field
576,paper
583,girls
593,night
596,texas
600,poker
603,issue
604,range
607,court
611,audio
612,light
613,write
616,offer
621,given
622,files
623,event
628,china
631,needs
633,might
636,month
637,major
639,areas
641,space
645,cards
654,child
656,enter
659,share
664,added
692,radio
693,until
695,color
700,track
709,least
717,trade
729,david
732,green
734,close
736,drive
745,short
753,means
755,daily
756,beach
790,costs
791,style
793,front
796,parts
800,early
801,miles
802,sound
810,works
818,rules
819,final
820,adult
822,thing
826,cheap
834,third
836,gifts
845,cover
865,often
870,watch
878,deals
880,words
881,linux
885,james
888,heart
898,error
906,clear
912,makes
919,india
921,taken
926,known
928,cases
933,quick
940,whole
943,later
944,basic
946,shows
964,along
965,among
966,death
968,speed
973,brand
991,stuff
995,japan
996,doing
997,loans
998,shoes
999,entry
1009,notes
1021,force
1026,river
1035,album
1043,views
1044,plans
1047,build
1050,types
1053,lines
1060,apply
1071,asked
1082,cross
1094,weeks
1103,lower
1105,union
1114,names
1128,leave
1130,teens
1134,woman
1142,cable
1157,score
1167,shown
1173,flash
1196,ideas
1201,allow
1207,homes
1208,super
1217,asian
1222,cause
1229,focus
1234,rooms
1251,voice
1260,comes
1267,brown
1277,forms
1278,glass
1279,happy
1281,smith
1284,thank
1288,prior
1290,sport
1291,ready
1308,round
1320,built
1322,blood
1332,earth
1334,nokia
1354,italy
1360,basis
1366,award
1369,peter
1377,extra
1380,pussy
1383,rated
1390,quite
1400,horse
1404,stars
1406,lists
1408,owner
1421,takes
1424,bring
1437,input
1440,agent
1441,valid
1449,grand
1451,trial
1453,units
1458,wrote
1460,ships
1465,metal
1477,funds
1489,guest
1490,seems
1494,trust
1498,multi
1517,grade
1531,panel
1532,floor
1535,match
1548,plant
1567,sense
1571,stage
1573,goods
1589,maybe
1599,spain
1606,youth
1617,break
1621,dance
1642,apple
1649,enjoy
1661,block
1667,civil
1668,steel
1670,songs
1671,fixed
1672,wrong
1674,hands
1681,paris
1690,fully
1707,worth
1719,peace
1725,coast
1731,grant
1733,agree
1748,blogs
1776,scale
1777,stand
1783,frame
1792,chief
1793,gives
1803,heard
1804,begin
1807,royal
1808,clean
1819,bible
1830,suite
1831,vegas
1834,chris
1851,piece
1852,sheet
1854,seven
1855,older
1861,cells
1871,looks
1879,calls
1880,whose
1894,naked
1910,lives
1921,stone
1931,tests
1945,buyer
1947,steve
1970,label
1972,scott
1976,canon
1979,waste
1989,chair
1992,phase
1998,motor
2003,shirt
2009,crime
2010,count
2021,claim
2025,patch
2043,santa
2053,alone
2056,jones
2073,saint
2080,drugs
2081,joint
2084,fresh
2101,dates
2104,upper
2107,prime
2109,limit
2110,began
2111,louis
2112,steps
2114,shops
2122,creek
2126,urban
2132,tours
2136,labor
2138,admin
2144,heavy
2158,solid
2167,theme
2183,porno
2191,touch
2195,goals
2201,serve
2204,magic
2205,mount
2206,smart
2210,latin
2214,avoid
2222,birth
2223,virus
2224,abuse
2235,facts
2240,faith
2241,chain
2251,moved
2253,reach
2262,sorry
2270,gamma
2275,truth
2287,films
2295,owned
2297,draft
2298,chart
2302,jesus
2304,clubs
2308,equal
2332,codes
2333,kinds
2339,teams
2346,funny
2351,tried
2360,named
2362,laser
2372,harry
2380,taxes
2381,mouse
2385,brain
2389,dream
2391,false
2400,falls
2407,stats
2411,carry
2419,hello
2426,clips
2435,brief
2436,ended
2438,eight
2444,wants
2449,alert
2459,queen
2465,sweet
2471,diego
2476,truck
2484,votes
2493,ocean
2496,signs
2498,depth
2504,train
2520,feeds
2531,route
2536,frank
2542,anime
2543,speak
2547,query
2560,rural
2566,judge
2570,bytes
2574,fight
2580,filed
2595,korea
2596,banks
2602,kelly
2603,leads
2639,brian
2655,miami
2668,wales
2672,minor
2676,noted
2682,spent
2686,davis
2694,helps
2697,cycle
2704,sleep
2711,scene
2723,drink
2744,intel
2762,rings
2769,henry
2772,guess
2799,ahead
2810,devel
2822,delta
2837,cisco
2840,alpha
2843,bonus
2854,adobe
2863,trees
2867,dress
2883,refer
2890,babes
2898,layer
2918,spend
2928,clock
2943,ratio
2956,proof
2963,empty
2973,maine
2978,ideal
2979,specs
2984,parks
2989,cream
2998,boxes
3000,hills
3009,aware
3011,shape
3013,irish
3023,firms
3030,usage
3035,mixed
3041,exist
3042,wheel
3051,angel
3059,width
3060,noise
3063,array
3073,greek
3090,sharp
3109,occur
3111,knows
3125,coach
3126,kevin
3156,plate
3197,logic
3224,sizes
3225,plain
3234,costa
3241,trail
3246,buddy
3250,setup
3265,blues
3269,scope
3303,crazy
3319,bears
3326,mouth
3328,meter
3341,fruit
3350,mysql
3360,lewis
3382,sugar
3386,stick
3388,allen
3392,genre
3393,slide
3401,exact
3402,bound
3412,storm
3413,micro
3430,dolls
3444,paint
3445,delay
3446,pilot
3451,czech
3455,novel
3460,ultra
3462,idaho
3469,plays
3477,truly
3495,lodge
3505,boobs
3515,broad
3522,swiss
3523,sarah
3524,clark
3538,foods
3540,guard
3549,newly
3550,raise
3569,drama
3577,bands
3583,lunch
3584,dildo
3585,audit
3596,polls
3598,tower
3599,yours
3610,jason
3615,shell
3632,solar
3634,catch
3642,doubt
3648,tasks
3654,const
3656,doors
3663,forth
3682,bruce
3683,split
3690,twice
3693,egypt
3710,shift
3718,simon
3720,marks
3722,loved
3727,birds
3735,saved
3738,shots
3740,moore
3757,treat
3762,piano
3785,risks
3794,ports
3805,teach
3808,rapid
3810,hairy
3824,dutch
3830,boots
3831,holds
3842,pulse
3857,metro
3861,strip
3863,pearl
3898,penis
3916,heads
3919,logos
3922,milfs
3940,honda
3943,bills
3947,opera
3953,asset
3960,blank
3970,humor
3974,lived
3985,tight
4004,meant
4009,plane
4020,meets
4038,tampa
4042,grace
4043,susan
4046,adams
4051,villa
4061,inner
4077,roman
4102,taste
4112,trips
4114,sides
4116,turns
4119,cache
4127,lease
4131,proud
4139,giant
4144,seats
4147,alarm
4151,usual
4156,angle
4158,vinyl
4164,worst
4192,honor
4195,eagle
4197,pants
4199,nurse
4204,quiet
4213,comic
4218,crown
4222,maker
4223,crack
4225,picks
4235,smoke
4240,craft
4243,apart
4245,blind
4250,coins
4252,gross
4272,epson
4287,actor
4288,finds
4291,fifth
4299,prize
4327,dirty
4329,wayne
4336,alive
4339,prove
4341,wings
4351,ridge
4353,modem
4376,larry
4390,skill
4397,moves
4403,throw
4404,trend
4412,rhode
4414,busty
4422,worse
4438,boats
4448,tells
4450,fiber
4452,graph
4457,talks
4470,bonds
4479,fraud
4487,roger
4497,crash
4500,inter
4510,grove
4520,spray
4532,roads
4547,faces
4549,cocks
4551,mayor
4556,yield
4566,hence
4570,radar
4578,lakes
4585,diary
4587,kings
4593,flags
4595,baker
4601,shock
4603,walls
4605,ebony
4608,drawn
4618,beast
4625,dodge
4628,pizza
4630,yards
4649,woods
4660,jokes
4665,twiki
4675,globe
4685,dicke
4686,kerry
4691,ghost
4699,pride
4706,keith
4709,linda
4712,chile
4719,maria
4730,brass
4732,plaza
4736,quest
4742,trans
4749,booty
4753,acres
4754,venue
4759,vital
4769,excel
4770,modes
4783,enemy
4787,wells
4789,opens
4796,lucky
4799,thick
4810,iraqi
4812,vista
4814,chips
4815,terry
4816,flood
4822,arena
4833,grown
4839,jerry
4841,smile
4842,lands
4847,armed
4862,laura
4864,tokyo
4866,nikon
4869,candy
4870,pills
4871,tiger
4873,folks
4890,balls
4893,boost
4901,icons
4903,moral
4908,keeps
4909,pound
4916,roses
4919,bread
4923,tough
4926,gonna
4934,chest
4936,billy
4944,craig
4952,solve
4969,nancy
4971,tones
4975,sight
4983,towns
5004,worry
5023,reads
5024,roles
5030,glory
5043,saudi
5044,fault
5056,karen
5064,jimmy
5076,rugby
5085,fluid
5103,barry
5116,devil
5117,grass
5119,marie
5128,kenya
5147,sized
5148,manga
5159,theft
5161,swing
5170,dated
5174,shoot
5181,elite
5187,poems
5190,robot
5198,winds
5207,gnome
5208,roots
5213,noble
5220,shore
5221,loves
5226,loose
5264,slots
5271,rocks
5278,genes
5288,horny
5327,hosts
5331,atlas
5336,feels
5347,ralph
5359,corps
5361,liver
5380,decor
5382,texts
5399,evans
5402,fails
5403,aging
5413,alice
5430,intro
5435,clerk
5438,mills
5444,jeans
5448,fonts
5454,favor
5458,sigma
5461,xhtml
5483,aside
5489,essay
5497,camps
5500,aaron
5502,trace
5506,packs
5542,spoke
5544,arrow
5547,rough
5548,weird
5553,holes
5555,blade
5559,meals
5591,robin
5594,strap
5597,crowd
5620,cloud
5623,valve
5630,knife
5633,shelf
5636,liked
5638,adopt
5640,fotos
5646,outer
5653,tales
5656,islam
5657,nodes
5661,seeds
5662,cited
5668,skype
5677,tired
5683,steam
5689,acute
5692,stood
5696,carol
5701,stack
5713,curve
5715,amber
5724,trunk
5734,waves
5735,camel
5737,lamps
5750,juice
5751,chase
5754,sauce
5814,beads
5825,flows
5830,fewer
5836,proxy
5839,lanka
5851,voted
5853,bikes
5854,gates
5873,slave
5886,lycos
5888,zdnet
5924,combo
5931,haven
5937,charm
5942,basin
5945,ranch
5951,drunk
5957,toner
5959,latex
5963,delhi
5965,alien
5971,broke
5972,nepal
5991,nylon
5993,discs
5994,rocky
6012,fleet
6014,bunch
6037,cents
6044,omega
6047,civic
6055,saver
6057,grill
6062,grain
6066,wanna
6097,seeks
6109,gains
6123,spots
6134,salon
6139,turbo
6149,thats
6155,aimed
6163,reset
6164,brush
6172,spare
6175,kodak
6184,skirt
6187,honey
6200,gauge
6205,faced
6218,sixth
6226,farms
6229,cheat
6232,sandy
6237,macro
6262,laugh
6267,pitch
6268,autos
6271,perry
6275,dozen
6278,teeth
6279,cloth
6282,stamp
6283,lotus
6288,cargo
6292,salem
6297,likes
6304,tapes
6305,zones
6306,races
6310,maple
6316,depot
6321,blend
6324,julie
6333,janet
6339,phpbb
6342,probe
6353,helen
6357,lopez
6364,debug
6366,chuck
6373,ebook
6386,bingo
6395,minds
6400,xanax
6405,sunny
6412,leeds
6415,cedar
6429,blair
6430,hopes
6433,mason
6435,burns
6436,pumps
6445,mario
6449,utils
6456,pairs
6468,chose
6476,blast
6513,tommy
6516,brake
6521,congo
6527,olive
6530,cyber
6535,clone
6536,dicks
6539,relay
6541,tears
6543,oasis
6546,angry
6556,lover
6565,rolls
6570,malta
6571,daddy
6573,ferry
6585,omaha
6593,loads
6597,motel
6608,rally
6627,dying
6629,stuck
6632,stops
6651,vocal
6653,organ
6658,lemon
6659,toxic
6698,bench
6701,rider
6712,butts
6714,bobby
6716,sheep
6722,wines
6736,salad
6743,paste
6772,katie
6780,relax
6791,sword
6794,sells
6800,coral
6801,pixel
6802,float
6803,colin
6806,paths
6814,acids
6819,dairy
6820,admit
6822,fancy
6824,samoa
6838,squad
6845,wages
6854,males
6865,chaos
6868,wheat
6881,bases
6886,unity
6889,bride
6895,begun
6900,socks
6909,essex
6934,fever
6950,drums
6964,rover
6970,flame
6972,tanks
6985,spell
6991,emily
7007,annex
7018,sudan
7029,sluts
7050,hints
7063,wired
7064,elvis
7079,argue
7086,arise
7091,jamie
7109,bitch
7112,chess
7117,oscar
7119,menus
7124,canal
7125,amino
7128,herbs
7136,lying
7142,drill
7145,bryan
7151,hobby
7152,tries
7166,trick
7184,myers
7185,drops
7187,wider
7194,screw
7198,blame
7217,fifty
7223,uncle
7234,jacob
7236,randy
7243,brick
7245,naval
7265,donna
7269,cabin
7283,eddie
7285,fired
7291,perth
7295,syria
7297,klein
7299,tires
7304,retro
7313,anger
7317,suits
7325,glenn
7344,handy
7347,crops
7356,guild
7373,tribe
7409,batch
7412,alter
7415,ghana
7416,edges
7429,twins
7435,amend
7449,chick
7460,thong
7461,medal
7466,walks
7467,sucks
7478,booth
7479,indie
7482,bones
7483,breed
7486,polar
7492,msgid
7507,carey
7513,danny
7537,patio
7542,lloyd
7555,beans
7557,ellis
7559,snake
7591,julia
7595,berry
7623,ought
7632,fixes
7633,sends
7635,mazda
7650,timer
7655,tyler
7658,verse
7659,highs
7673,ellen
7680,racks
7682,nasty
7687,tumor
7694,watts
7702,forty
7703,tubes
7708,floyd
7711,queue
7728,skins
7734,exams
7747,welsh
7748,belly
7757,haiti
7783,elder
7784,sonic
7798,thumb
7834,twist
7844,ranks
7846,debut
7890,volvo
7891,penny
7908,ivory
7915,remix
7916,alias
7921,newer
7924,spice
7937,ascii
7943,donor
7948,trash
7954,manor
7956,diane
7964,disco
7968,endif
7995,minus
8020,milan
8024,shade
8028,digit
8037,lions
8040,pools
8042,lyric
8064,grave
8083,howto
8094,devon
8097,saves
8105,lobby
8113,punch
8116,gotta
8121,karma
8123,betty
8129,lucas
8143,mardi
8149,shake
8152,holly
8154,silly
8157,mercy
8174,fence
8177,diana
8183,shame
8191,fatal
8204,flesh
8223,jesse
8261,qatar
8268,sheer
8283,witch
8289,cohen
8292,puppy
8293,kathy
8313,smell
8333,satin
8338,promo
8343,tunes
8372,lucia
8376,nerve
8382,renew
8406,locks
8413,euros
8419,rebel
8423,hired
8443,hindu
8461,kills
8478,slope
8485,nails
8487,whats
8488,rides
8489,rehab
8499,merit
8506,disks
8507,condo
8520,fairy
8523,shaft
8530,casio
8535,kitty
8538,drain
8539,monte
8540,fires
8549,panic
8552,leone
8559,onion
8579,beats
8580,merry
8582,scuba
8595,verde
8617,dried
8630,derby
8670,annie
8673,derek
8682,steal
8690,fears
8695,tuner
8705,alike
8724,sagem
8743,scout
8746,dealt
8754,bucks
8767,badge
8768,wrist
8772,heath
8775,lexus
8787,realm
8789,jenny
8794,yemen
8802,buses
8821,rouge
8822,yeast
8840,kenny
8845,yukon
8856,singh
8862,brook
8875,wives
8890,xerox
8906,sorts
8908,vsnet
8912,papua
8915,armor
8949,viral
8951,pipes
8953,laden
8954,aruba
8957,merge
8959,edgar
8963,dubai
8975,allan
8978,sperm
8981,filme
8982,craps
8984,frost
8990,sally
8991,yacht
8992,tracy
9001,whale
9026,shark
9034,grows
9035,cliff
9037,tract
9050,shine
9055,wendy
9058,diffs
9061,ozone
9071,pasta
9074,serum
9076,swift
9079,inbox
9080,focal
9095,samba
9116,wound
9117,belle
9129,cindy
9136,lined
9161,boxed
9165,cubic
9187,spies
9192,elect
9202,bunny
9203,chevy
9208,tions
9217,flyer
9233,baths
9249,emacs
9250,climb
9262,sparc
9265,dover
9276,token
9292,kinda
9297,dylan
9299,belts
9304,burke
9318,clara
9329,flush
9333,hayes
9344,moses
9349,johns
9356,jewel
9357,teddy
9370,dryer
9374,ruled
9378,funky
9384,joins
9391,scary
9393,mpegs
9399,cakes
9405,mixer
9409,sbjct
9413,tooth
9417,stays
9420,drove
9422,upset
9426,mines
9429,logan
9458,lance
9475,colon
9477,lanes
9478,purse
9492,align
9494,bless
9497,crest
9509,alloy
9511,plots
9516,tulsa
9518,casey
9520,draws
9523,bloom
9534,loops
9535,surge
9539,tahoe
9556,souls
9558,spank
9566,vault
9575,wires
9578,mails
9583,blake
9590,orbit
9592,niger
9593,bacon
9606,paxil
9607,spine
9608,trout
9616,apnic
9617,fatty
9628,joyce
9647,marco
9660,isaac
9661,oxide
9699,badly
9715,scoop
9722,sanyo
9729,blink
9732,carlo
9737,tiles
9743,tamil
9747,fuzzy
9749,grams
9767,forge
9769,dense
9771,brave
9774,awful
9788,meyer
9801,whore
9804,wagon
9809,knock
9819,peers
9824,quilt
9841,notre
9853,mambo
9856,flour
9861,choir
9864,blond
9875,burst
9882,wiley
9891,fibre
9907,daisy
9919,crude
9928,bored
9950,allah
9954,fares
9959,hoped
9961,safer
9978,marsh
9979,ricky
9982,theta
9991,stake
9996,arbor
10007,rifle
10035,bulbs
10049,waist
10057,sewer
10060,bosch
10068,vitro
10075,hyatt
10084,romeo
10089,turks
10091,demos
10096,sided
10106,cuban
10119,resin
10126,linen
10130,seals
10133,decay
10140,usher
10148,skate
10158,lynch
10163,franc
10170,timor
10178,flats
10185,heels
10186,voter
10189,urine
10192,capri
10193,towel
10200,sears
10203,flies
10211,crane
10218,popup
10221,habit
10230,coupe
10232,benin
10249,lords
10251,tends
10262,sixty
10273,spark
10284,spike
10312,tonga
10330,backs
10339,soils
10349,hunks
10351,libya
10360,sedan
10382,cares
10384,flora
10385,kazaa
10392,hardy
10401,bells
10413,denim
10415,andre
10424,buick
10449,doses
10451,baked
10452,glove
10477,alito
10483,plush
10484,weber
10492,nelly
10494,urged
10497,brent
10499,kyoto
10509,adapt
10519,fuels
10525,brett
10529,paula
10535,stern
10536,shawn
10549,tutor
10550,idiot
10556,debit
10561,edits
10563,raven
10567,slice
10572,aspen
10579,lemma
10585,venus
10596,dolby
10602,nikki
10607,halls
10610,pause
10617,demon
10623,gabon
10639,atari
10644,asses
10650,couch
10652,downs
10656,rogue
10673,sdram
10690,optic
10698,chili
10699,grief
10702,sweat
10710,masks
10711,celeb
10714,assoc
10715,quake
10718,alley
10737,twain
10739,boise
10741,nevis
10752,buffy
10772,loyal
10778,renal
10781,spite
10786,imply
10792,chill
10799,liner
10808,lifts
10809,vivid
10830,acted
10834,byron
10841,skull
10860,riley
10869,ninja
10886,sands
10906,steak
10909,cobra
10911,gucci
10912,threw
10915,https
10941,walsh
10942,ninth
10945,marry
10959,wills
10961,atoms
10967,drake
10978,della
10981,rails
10983,pgsql
10984,fried
10985,cairo
10991,malls
11002,woody
11007,cried
11035,plugs
11038,coded
11039,supra
11041,molly
11050,franz
11055,palau
11079,rival
11090,beige
11092,rolex
11109,homer
11114,gases
11118,genus
11128,dixon
11138,debts
11140,icann
11150,avril
11152,myths
11155,knees
11163,poets
11164,woven
11167,pedro
11177,trent
11181,rigid
11192,salsa
11201,blown
11203,baton
11213,abbey
11233,bruno
11239,evite
11249,diets
11252,sauna
11257,bauer
11263,bowls
11264,qaeda
11268,kitts
11278,macau
11288,cruel
11299,eager
11311,chang
11315,pupil
11316,feast
11323,acura
11334,fedex
11343,ankle
11366,decks
11371,blunt
11373,hamas
11375,react
11377,rises
11378,shane
11401,coats
11410,aston
11427,fairs
11428,flute
11434,hindi
11436,harsh
11441,whois
11442,burma
11443,cease
11456,poles
11485,sioux
11489,jenna
11503,fargo
11505,equip
11507,reged
11514,hedge
11534,curry
11539,worms
11549,dewey
11551,pouch
11554,hooks
11577,peaks
11588,didnt
11593,spoon
11594,bombs
11595,niche
11599,cigar
11617,curse
11626,forex
11632,titan
11636,anita
11649,shout
11650,nudes
11662,straw
11666,fgets
11674,reuse
11684,loses
11690,suede
11695,peach
11709,uncut
11729,stove
11734,nixon
11736,brady
11740,zhang
11744,freak
11749,bluff
11755,sadly
11758,avail
11769,hatch
11773,stein
11776,spill
11778,drift
11791,winxp
11792,crisp
11800,scans
11825,onset
11831,assay
11838,leigh
11843,tents
11851,snack
11853,pulls
11888,squid
11901,maxim
11919,slate
11940,pagan
11942,widow
11955,skies
11961,kicks
11963,canoe
11985,juicy
11989,moody
12010,pedal
12018,tuned
12024,mayer
12027,geoff
12033,scrap
12037,bella
12046,terra
12052,vapor
12054,aloud
12064,goose
12092,winnt
12096,hydro
12101,playa
12103,noisy
12105,abide
12111,socio
12129,bliss
12140,parse
12142,jelly
12159,mania
12160,edwin
12165,clare
12176,bolts
12185,typed
12239,satan
12245,megan
12251,cheer
12256,marty
12263,xlibs
12273,clamp
12277,grape
12283,deeds
12302,traps
12308,racer
12310,guilt
12311,sweep
12324,doyle
12325,ducks
12331,vince
12341,param
12346,lunar
12358,posed
12375,forks
12377,boxer
12381,weigh
12382,rodeo
12387,moose
12397,crush
12398,cathy
12414,paulo
12421,lever
12425,tasty
12434,rants
12435,tarot
12440,carts
12443,cocoa
12457,mixes
12465,panty
12476,aires
12477,bulls
12478,orion
12482,hurry
12502,clash
12503,biker
12515,nauru
12544,stain
12554,reign
12561,baron
12565,bates
12587,stiff
12596,rabbi
12597,sushi
12598,puffy
12609,elbow
12617,stark
12627,circa
12633,quinn
12681,razor
12682,cough
12706,tibet
12709,isles
12711,ovens
12743,inlet
12757,bronx
12763,gloss
12764,panda
12768,porch
12782,isuzu
12787,eaten
12813,sinks
12814,steep
12815,dinar
12817,creed
12818,carat
12821,nobel
12847,faxes
12848,plump
12855,midst
12858,borne
12864,tesco
12871,tempo
12872,getty
12884,payne
12909,torch
12923,lohan
12938,hacks
12940,attic
12945,piper
12969,stems
13010,avery
13011,toons
13014,tenth
13022,desks
13024,aided
13039,cutie
13043,notch
13055,seoul
13060,lacks
13095,bowie
13109,poses
13120,scent
13139,akron
13140,fines
13141,grasp
13143,ounce
13148,buena
13156,toast
13170,kumar
13177,kinky
13196,owens
13201,quota
13205,versa
13214,starr
13222,jumbo
13236,maths
13243,flint
13244,dummy
13246,awake
13262,burnt
13283,studs
13308,roast
13330,petty
13341,felix
13342,shiny
13345,smash
13349,braun
13356,ample
13362,royce
13371,scarf
13386,hated
13394,spicy
13403,fools
13404,beard
13410,wedge
13413,peggy
13416,ruins
13427,denis
13437,hyper
13440,gmail
13444,cites
13450,ezine
13457,gamer
13458,alexa
13467,savvy
13478,terri
13481,norms
13493,silva
13501,prima
13506,zelda
13512,fetal
13513,palms
13522,chord
13524,kudoz
13540,hawks
13543,irons
13544,comet
13553,lotto
13561,syrup
13614,erase
13617,bites
13618,prose
13627,swear
13628,intra
13630,clown
13633,taboo
13636,olson
13655,dwarf
13660,ifdef
13675,pines
13684,fucks
13690,urges
13706,enron
13708,codec
13722,pablo
13734,beams
13735,props
13738,dough
13739,stool
13742,welch
13750,boone
13752,horde
13754,mommy
13756,nanny
13779,roach
13782,angus
13794,ashes
13798,natal
13799,locus
13800,msnbc
13812,elton
13821,prone
13851,clues
13856,crews
13883,timed
13900,scare
13905,thief
13929,motif
13942,hurts
13947,sofia
13973,spear
13974,nigel
13977,jolie
13988,blanc
13994,birch
13996,slash
14003,mikes
14014,seiko
14016,arial
14028,stacy
14038,helix
14042,dixie
14053,shook
14072,matte
14077,heidi
14091,zebra
14103,fetch
14110,faroe
14127,logon
14135,trong
14137,unite
14144,shear
14157,ponds
14164,trump
14168,mates
14170,avian
14173,visas
14188,webmd
14190,champ
14211,recap
14214,astro
14215,crawl
14225,flaws
14239,olsen
14258,hazel
14280,messy
14284,rupee
14285,ments
14288,irene
14291,lungs
14297,vinci
14323,jacks
14336,stole
14337,kirby
14369,quasi
14378,exile
14383,anglo
14390,knots
14394,anton
14397,gerry
14404,kappa
14409,jumps
14428,snoop
14436,vague
14438,wraps
14440,rusty
14448,warns
14456,sting
14458,bravo
14461,secsg
14476,liter
14493,nicht
14505,basil
14509,paced
14519,renee
14546,weiss
14551,giles
14557,shack
14578,sleek
14587,ariel
14589,monty
14590,cafes
14593,hitch
14596,nexus
14601,tango
14606,ernst
14618,sings
14621,carte
14637,queer
14638,pains
14639,vioxx
14643,ahmed
14647,sobre
14653,kuala
14655,comma
14657,geeks
14660,avant
14661,repec
14682,perez
14683,cimel
14687,leica
14693,torah
14700,busch
14717,tiava
14728,freed
14742,cheek
14748,gavin
14751,lasts
14769,httpd
14790,bowel
14792,chats
14793,mafia
14801,lilly
14802,shire
14807,lyons
14810,scams
14811,lipid
14827,clyde
14835,irwin
14849,mains
14851,misty
14861,prism
14872,rests
14882,vegan
14891,corel
14899,groom
14910,osama
14911,weeds
14913,oprah
14915,beers
14916,clive
14923,darby
14926,fills
14928,grips
14932,kayak
14935,altar
14940,gears
14958,risen
14961,rhino
14972,eaton
14973,ruler
14975,henri
14982,swept
14988,troop
14989,arose
14994,becky
14995,lesbo
15001,klaus
15011,hogan
15024,debra
15027,cdrom
15042,corey
15045,slips
15049,trays
15057,flock
15060,chung
15064,boris
15074,shave
15091,swamp
15134,faint
15146,gland
15162,blows
15176,stoke
15205,kauai
15222,ipsec
15226,undef
15233,nasal
15249,nitro
15252,marin
15261,loser
15265,claus
15281,hipaa
15282,porto
15286,jolly
15291,femme
15305,siege
15320,wolfe
15324,tyres
15335,butte
15345,hicks
15347,pratt
15365,chalk
15401,negro
15410,wrath
15426,grind
15430,clint
15445,blitz
15456,osaka
15465,jorge
15466,cooks
15471,rainy
15478,diggs
15480,pluto
15493,mitch
15511,viola
15519,rumor
15524,volts
15533,diver
15545,blaze
15546,wreck
15549,sammy
15558,arabs
15567,brock
15569,hoops
15571,macon
15573,lynne
15584,chloe
15589,prada
15593,plone
15608,horns
15655,kylie
15661,naomi
15664,risky
15670,clair
15675,crete
15686,tulip
15695,ciara
15704,damon
15714,owing
15741,benny
15754,ipods
15758,annum
15778,roche
15779,ropes
15797,morse
15802,cords
15825,warez
15830,ditch
15834,slick
15845,chunk
15846,reels
15848,slept
15849,gregg
15855,huang
15868,ibook
15881,waits
15882,tenor
15887,scrub
15892,cello
15904,caves
15911,cocos
15926,metre
15929,thurs
15933,topaz
15938,soaps
15947,ricoh
15961,gibbs
15964,dusty
15965,patty
15973,crate
15974,kanye
15986,cared
15988,sworn
15989,twink
15990,bowen
16015,beech
16019,frogs
16024,expat
16032,agnes
16038,glibc
16040,maori
16042,tense
16047,basel
16060,oxley
16074,foley
16077,moran
16078,decal
16085,temps
16086,fiona
16091,fritz
16092,mover
16095,erica
16100,macos
16129,betsy
16131,shaun
16134,fauna
16141,detox
16150,spurs
16152,ortho
16159,gould
16163,eliza
16169,usaid
16170,darts
16177,tails
16182,hangs
16186,quark
16187,zyban
16193,dolce
16198,veins
16199,folds
16201,angie
16202,sneak
16203,octet
16211,mccoy
16220,mateo
16231,fread
16236,willy
16252,edith
16258,magna
16263,polly
16264,tidal
16265,jules
16268,ernie
16270,poole
16275,crust
16280,dolly
16287,lenox
16289,miner
16299,cecil
16301,cajun
16306,diner
16311,regis
16316,mound
16330,ethan
16342,ibiza
16343,reese
16344,chefs
16373,pixar
16374,scion
16377,dhtml
16380,winme
16390,mandy
16391,hoods
16396,proto
16397,jared
16406,wears
16411,regal
16427,alvin
16429,raton
16438,curly
16451,hound
16461,wharf
16464,flick
16465,datum
16481,maize
16486,banff
16491,psalm
16500,gowns
16514,luton
16518,leaks
16521,swell
16523,ville
16529,chico
16531,irony
16554,lasik
16575,levin
16577,amiga
16579,viper
16583,gypsy
16608,litre
16612,binds
16616,titus
16631,flare
16633,wight
16646,crank
16647,goats
16655,rains
16662,brace
16667,abdul
16669,ryder
16699,garth
16700,nolan
16706,paolo
16716,argus
16718,mango
16724,thigh
16729,carla
16733,meats
16761,windy
16767,alamo
16777,steer
16779,vogue
16780,aired
16797,vodka
16799,zaire
16804,sakai
16813,knobs
16821,inlog
16831,salts
16849,soups
16856,moist
16858,trina
16875,pests
16886,entre
16889,plano
16892,doris
16952,petit
16957,fries
16962,saxon
16978,stall
16980,deere
16998,serif
17019,monks
17038,aloha
17053,utter
17061,rents
17069,cater
17070,colts
17086,putin
17096,dunes
17126,pinch
17131,flynn
17138,troll
17147,filth
17155,kraft
17191,algae
17215,arden
17222,byrne
17228,shady
17241,erect
17251,vests
17252,lydia
17266,valet
17268,cheng
17278,eliot
17280,jihad
17288,elgin
17318,jonah
17327,raped
17331,denon
17332,sloan
17339,plato
17353,palma
17360,taxis
17361,hates
17384,hague
17392,tammy
17398,ogden
17402,madam
17411,posix
17416,libby
17417,seite
17419,tease
17422,aroma
17445,rowan
17448,dwell
17460,stair
17495,sonny
17507,rotor
17509,quart
17511,bison
17518,fungi
17530,greed
17547,elena
17576,bleed
17581,serie
17602,incur
17603,tempe
17605,cores
17615,nifty
17623,yates
17624,leroy
17626,infos
17630,thanx
17670,ecard
17676,dukes
17687,fudge
17697,homme
17703,rossi
17715,weave
17716,vicki
17722,exits
17733,siena
17734,reiki
17740,dante
17741,lange
17749,rosen
17768,cured
17770,buggy
17773,recon
17780,slack
17792,vines
17800,gorge
17813,liens
17824,musik
17829,boyle
17830,lamar
17833,jonas
17835,locke
17836,cages
17838,pager
17840,jolla
17847,banjo
17855,stout
17863,duane
17871,hanna
17883,pepsi
17921,adler
17936,stare
17938,missy
17942,meade
17944,flair
17974,cette
17981,aisle
17982,dunno
17986,limbs
17996,paved
18012,scots
18017,tyson
18023,econo
18030,seize
18032,spawn
18037,epoxy
18041,stony
18057,punta
18062,crypt
18067,bogus
18084,jboss
18086,faded
18087,mobil
18092,tying
18094,diode
18099,johan
18118,motto
18121,alton
18128,janis
18145,rubin
18151,alain
18158,deter
18160,furry
18161,cubes
18165,linus
18172,rinse
18181,tides
18184,venom
18192,voyer
18207,mummy
18213,cries
18221,ether
18240,sheds
18257,sofas
18258,croix
18265,boing
18274,rosie
18279,terre
18288,techs
18292,elisa
18304,haute
18308,wacky
18319,reits
18320,muddy
18321,nuevo
18337,asean
18345,suche
18357,shalt
18393,visor
18394,mundo
18406,naive
18422,hires
18439,merck
18441,tanya
18447,folio
18464,barre
18469,fiery
18497,fakes
18500,fomit
18503,ahmad
18510,cooke
18529,emule
18532,acorn
18536,bayer
18554,basal
18555,topps
18561,wilde
18574,smoky
18578,flirt
18579,slang
18592,finch
18599,largo
18614,tally
18620,creep
18643,agile
18646,sacks
18648,kiosk
18649,ionic
18650,stray
18660,poppy
18699,suppl
18721,turin
18725,forte
18734,sesso
18740,hanoi
18762,waive
18766,vance
18780,greet
18789,lymph
18800,sonia
18815,bryce
18817,latch
18819,verbs
18820,drank
18844,santo
18857,torso
18862,ramon
18877,dansk
18879,hobbs
18880,mayen
18910,grabs
18923,geile
18931,wards
18934,hinge
18943,patti
18947,faire
18954,emory
18955,stunt
18956,maven
18960,vitae
18967,witty
18973,hertz
18992,flown
18995,silky
19009,micah
19015,repay
19021,await
19032,fetus
19036,cider
19040,gangs
19047,lenny
19062,arxiv
19066,percy
19068,conan
19069,lilac
19070,sinus
19074,denny
19076,hears
19085,lexar
19090,pivot
19093,huron
19113,glide
19131,todos
19159,creme
19162,waltz
19166,paige
19172,blush
19176,monde
19193,malay
19201,modal
19211,cadet
19221,loren
19225,carbs
19232,vdata
19289,opted
19307,tweak
19309,trait
19319,shrek
19320,eater
19326,cymru
19337,cyrus
19342,hides
19357,synth
19372,layup
19378,nazis
19384,piles
19395,bezel
19401,havoc
19416,sling
19430,xoops
19431,rican
19441,gupta
19442,tummy
19443,axial
19472,julio
19476,epoch
19482,plaid
19484,fable
19492,scars
19496,susie
19500,reyes
19505,pesos
19514,spans
19527,obese
19531,sober
19533,tread
19542,avaya
19544,wigan
19549,paddy
19569,norma
19570,astra
19574,mondo
19583,wyatt
19591,otter
19595,earns
19615,sassy
19616,demux
19620,vases
19634,garde
19643,prweb
19665,aries
19666,ramps
19675,dread
19693,qwest
19700,dyson
19706,josef
19707,casts
19728,heinz
19729,argos
19778,needy
19794,reich
19798,weary
19803,tweed
19804,snowy
19825,genie
19828,bling
19829,chars
19847,mcgee
19858,delle
19877,fined
19894,georg
19900,apron
19921,aides
19922,forma
19924,sendo
19929,gomez
19931,corba
19952,yummy
19955,momma
19961,trish
19962,sexes
19972,husky
19974,bland
19978,darth
19983,ching
20003,elmer
20005,sails
20011,robes
20063,adept
20081,mckay
20089,lacie
20096,kudos
20121,depts
20127,krona
20140,puget
20157,garry
20158,ester
20160,servo
20162,annan
20165,bragg
20169,snail
20172,jaime
20176,sutra
20177,mower
20181,swine
20192,heron
20196,graft
20206,envoy
20209,duran
20218,scifi
20233,clans
20236,abort
20249,votre
20254,halle
20255,edged
20259,duvet
20260,spade
20262,glare
20285,grids
20290,haley
20307,facto
20308,lovin
20325,haiku
20352,wafer
20356,tripp
20359,stash
20360,roofs
20361,reefs
20363,semen
20364,hover
20372,molds
20373,elias
20405,naics
20411,genoa
20424,leafs
20430,samui
20438,agony
20455,parte
20468,lacey
20473,cones
20474,lupus
20475,sachs
20480,taxed
20488,keane
20490,gator
20498,walla
20502,taped
20504,docks
20515,bully
20523,shure
20530,rhyme
20532,antec
20540,patel
20547,luxor
20575,matic
20590,snort
20597,iconv
20601,vicky
20603,crowe
20626,triad
20630,fitch
20632,sinai
20639,cameo
20642,leach
20650,fanny
20651,sunni
20653,milky
20655,combs
20668,macao
20671,snaps
20677,dmesg
20697,hurst
20732,coils
20738,navel
20748,menlo
20753,bumps
20757,sable
20758,aopen
20771,spool
20781,norsk
20784,annoy
20799,toxin
20800,axiom
20807,aztec
20809,vents
20810,mater
20813,aiken
20828,humps
20832,joker
20839,hikes
20841,wiped
20846,baden
20848,tudor
20856,heirs
20859,twill
20862,cures
20872,timex
20873,duffy
20884,freud
20896,brink
20900,truss
20922,pinot
20925,khaki
20939,mould
20955,quran
20984,webct
20996,gimme
20999,erika
21019,letra
21020,croft
21026,penal
21037,wimax
21042,combi
21062,cowan
21066,riots
21093,asics
21096,lapse
21100,wally
21110,shrub
21129,finer
21156,liste
21164,smack
21167,tetex
21181,cloak
21184,thier
21199,manic
21203,choke
21217,keene
21248,wanda
21253,gravy
21272,payer
21275,nader
21283,abbas
21284,moods
21330,baird
21335,glaze
21339,xanga
21361,eweek
21369,salle
21370,infra
21374,gated
21377,sasha
21379,ewing
21388,amish
21393,dizzy
21399,cribs
21404,fendi
21409,psych
21411,verge
21414,nomad
21417,thorn
21423,spins
21435,spoil
21440,phono
21442,daryl
21464,hoses
21479,heuer
21489,provo
21496,lycra
21511,suomi
21512,sissy
21514,trang
21522,hymns
21526,palsy
21534,esmtp
21535,cuffs
21544,anand
21558,novak
21567,nicky
21586,monet
21590,outta
21600,petra
21601,xenon
21613,plata
21622,luigi
21623,bayou
21661,mkdir
21666,tonic
21682,vader
21699,potty
21707,tomas
21712,rites
21722,colby
21732,ditto
21739,oddly
21751,ricci
21785,hines
21802,undue
21816,tuple
21826,elves
21827,bratz
21833,chant
21845,nafta
21850,hutch
21856,tufts
21865,parry
21868,mahal
21872,robyn
21877,coeur
21887,raves
21888,mamma
21890,folly
21896,mural
21902,wager
21907,purge
21924,gnupg
21936,comix
21942,jiang
21945,poser
21954,youre
21958,perky
21965,fused
21979,pixma
21983,stump
21984,scalp
21988,actin
21989,erwin
22008,melon
22012,siren
22015,clasp
22027,aedst
22028,greer
22055,wipes
22057,krone
22062,aegis
22073,derry
22076,altec
22089,amour
22113,titel
22117,totes
22126,thugs
22133,ethel
22142,sonar
22161,akira
22164,ethyl
22165,lambs
22173,maint
22179,neuro
22190,ulcer
22221,autor
22226,ethic
22228,taxon
22234,thine
22237,earch
22239,genet
22241,engel
22246,infor
22259,parma
22266,opium
22270,enema
22288,recor
22312,seams
22350,barge
22359,famed
22364,resid
22369,utica
22370,grimm
22377,guido
22395,rufus
22420,slant
22427,comme
22428,chops
22430,broom
22435,snare
22437,shank
22448,leash
22449,hunts
22450,faber
22459,acton
22463,cunts
22470,deems
22492,kinja
22513,ligne
22550,lucie
22554,geese
22557,polio
22562,sharm
22564,mecca
22580,broth
22592,russo
22603,crows
22614,taper
22655,revue
22662,smear
22693,memos
22714,frist
22724,serge
22729,waldo
22730,diese
22734,judah
22759,slain
22763,inode
22781,quail
22783,mayan
22786,futon
22797,icing
22823,wilma
22864,lowry
22869,strut
22872,pavel
22886,wolff
22889,plume
22926,reina
22932,plank
22936,ofthe
22946,umass
22954,enact
22960,wasnt
22963,deity
22978,claws
22980,virgo
22981,manly
22992,pings
22995,peril
23003,hairs
23033,malik
23037,illus
23048,quads
23052,grady
23053,maids
23065,rocco
23067,louie
23079,swirl
23080,emery
23083,otago
23087,optio
23106,upton
23114,libre
23125,abode
23126,savoy
23129,vogel
23130,henti
23140,comfy
23157,campo
23168,polka
23170,wiper
23197,falun
23198,nicer
23201,lagos
23202,boast
23203,gents
23220,ortiz
23254,perch
23283,angst
23312,gecko
23324,miele
23347,uconn
23365,caleb
23372,jetta
23374,hagen
23375,codex
23379,judas
23380,valle
23396,barns
23404,unhcr
23407,raids
23411,solos
23422,facet
23428,xpath
23438,skoda
23450,ruben
23454,wares
23459,verve
23462,spree
23463,embed
23464,gurus
23476,brute
23506,kabul
23508,butch
23510,scart
23523,huber
23527,yarns
23543,karin
23561,lille
23565,misco
23566,defer
23569,liars
23576,alles
23592,carly
23593,degli
23596,saith
23602,aimee
23604,davey
23626,deans
23631,kites
23648,dumps
23662,hanks
23665,crave
23673,nigga
23697,salty
23705,hanes
23713,zeros
23737,valor
23780,sabre
23788,banda
23797,goofy
23799,mimic
23814,hodge
23839,ticks
23848,vigil
23854,meier
23855,crore
23861,banco
23868,itchy
23872,bulky
23878,estee
23905,booze
23907,widen
23910,bubba
23933,adore
23936,colds
23978,regex
23999,texmf
24007,stowe
24008,fluke
24010,estes
24016,stomp
24017,norte
24018,glade
24035,licks
24037,caste
24051,libra
24069,lures
24071,slows
24082,lista
24084,flaps
24085,inset
24091,rhine
24105,marta
24117,druid
24144,swarm
24145,elise
24149,ledge
24157,arkon
24175,drown
24196,bangs
24199,radon
24212,abyss
24213,roget
24215,visio
24219,coder
24223,kline
24225,errno
24229,niece
24232,pleas
24244,flask
24258,chong
24266,grupo
24267,idols
24273,gusts
24276,xviii
24287,hippo
24288,trung
24307,dudes
24309,norco
24310,altos
24312,overs
24333,nests
24341,pryor
24349,ramos
24374,cours
24393,seton
24404,zappa
24427,tesla
24461,padre
24550,plead
24552,milne
24570,sheen
24586,warts
24589,medic
24594,grail
24597,horne
24602,farsi
24604,seine
24608,dhabi
24610,chobe
24622,lapel
24644,pecan
24654,manny
24666,aches
24669,telco
24685,chime
24695,ation
24703,jabra
24704,qmail
24726,seuss
24727,sligo
24730,remit
24755,exert
24759,torre
24761,pinto
24798,selma
24799,pears
24800,heats
24802,lucid
24809,shiva
24815,infer
24819,niles
24821,zippo
24847,doesn
24863,boyer
24874,instr
24895,dandy
24904,swaps
24909,paine
24936,synod
24938,marys
24940,lousy
24941,pharm
24946,amigo
24949,caddy
24957,drwxr
24966,scala
24974,cesar
24985,cobol
25001,lumix
25005,viejo
25015,brits
25017,healy
25028,bleak
25037,regan
25039,tramp
25045,minis
25082,porte
25106,mujer
25111,stang
25122,mckee
25130,hubby
25149,jakob
25159,safes
25167,knapp
25187,qaida
25191,andes
25195,stubs
25196,josie
25204,dents
25206,perks
25212,essen
25230,punto
25232,vibes
25233,darcy
25236,moons
25243,lathe
25250,petri
25282,bylaw
25284,trims
25288,devin
25293,leaps
25294,halen
25296,mcrae
25304,lends
25305,maxon
25313,lyman
25320,gayle
25322,duval
25328,camry
25334,crook
25335,jayne
25341,typos
25348,dives
25351,mikey
25356,drury
25359,stale
25360,cosmo
25373,putty
25379,patsy
25394,corgi
25395,swans
25397,ellie
25416,cupid
25417,cline
25419,thema
25426,piers
25433,dykes
25442,earle
25444,hosea
25447,haste
25450,corfu
25459,prong
25481,lynda
25487,bitte
25489,fleur
25492,expos
25498,berth
25504,crabs
25505,kurds
25508,lingo
25511,devry
25513,einer
25521,chmod
25523,piggy
25527,saber
25531,sunos
25543,platt
25544,lexis
25547,nadia
25555,vidal
25563,oxfam
25572,folic
25575,lager
25584,wicca
25597,nueva
25600,doggy
25602,exxon
25612,divas
25618,babel
25629,gonzo
25662,tryin
25664,jodie
25678,foyer
25680,brood
25681,azure
25692,sniff
25696,maher
25706,howie
25724,botox
25730,posse
25732,norge
25749,pixie
25751,clits
25784,unset
25794,erich
25796,coles
25799,melee
25807,llama
25815,vowel
25830,roxio
25838,fecal
25851,psion
25903,thanh
25905,gallo
25912,jonny
25919,humid
25924,guile
25933,tutti
25934,mined
25944,sores
25945,raman
25963,hayek
25967,titty
25983,fiori
25994,reeds
26034,lofty
26035,phnom
26038,kanji
26047,moron
26061,dogma
26064,winch
26074,evils
26078,limos
26094,jocks
26098,unzip
26101,floss
26103,sarge
26126,comin
26130,ebsco
26131,shawl
26135,bends
26142,groff
26162,pence
26167,emile
26169,lenin
26181,dhaka
26185,thyme
26188,chino
26200,zines
26238,ovary
26265,bahia
26283,bebop
